,,,,The information on this web site is provided free to individual collectors & collector clubs.,,,,,,,                                                                                                                                                                                                                                                                                                                                                                                                                                                                                                                                                                                                                                                                                                                                                                                                                                                                                                                                
,,,,The commercial use of any of the information on this web site is strictly prohibited.,,,,,,,                                                                                                                                                                                                                                                                                                                                                                                                                                                                                                                                                                                                                                                                                                                                                                                                                                                                                                                                        
Quantity,Type ,Item No,Item/More,Description,Years,Coordinating Item(s),,,,Link to image for item,                                                                                                                                                                                                                                                                                                                                                                                                                                                                                                                                                                                                                                                                                                                                                                                                                                                                                                                                      
" ",Bldg.,"6009769","Item","Norny's Ornament House","2022-2023","6009770","","","",=HYPERLINK("https://thevillagechronicler.com/ItemImages/6009769.jpg"),"",                                                                                                                                                                                                                                                                                                                                                                                                                                                                                                                                                                                                                                                                                                                                                                                                                                                                            
" ",Bldg.,"6009833","Item","Finny's Ornament House","2023-Current","6009834","","","",=HYPERLINK("https://thevillagechronicler.com/ItemImages/6009833.jpg"),"",                                                                                                                                                                                                                                                                                                                                                                                                                                                                                                                                                                                                                                                                                                                                                                                                                                                                         
" ",Bldg.,"6013429","Item","Bauble's Ornament House","2024-Current","6013430","","","",=HYPERLINK("https://thevillagechronicler.com/ItemImages/6013429.jpg"),"",                                                                                                                                                                                                                                                                                                                                                                                                                                                                                                                                                                                                                                                                                                                                                                                                                                                                        
" ",Bldg.,"6014684","Item","Belle's Ornament House","2025-Current","6014685","","","",=HYPERLINK("https://thevillagechronicler.com/ItemImages/6014684.jpg"),"",                                                                                                                                                                                                                                                                                                                                                                                                                                                                                                                                                                                                                                                                                                                                                                                                                                                                         
" ",Accy.,"6009770","Item","Sparkling Highlights","2022-2023","6009769","","","",=HYPERLINK("https://thevillagechronicler.com/ItemImages/6009770.jpg"),"",                                                                                                                                                                                                                                                                                                                                                                                                                                                                                                                                                                                                                                                                                                                                                                                                                                                                              
" ",Accy.,"6009834","Item","Nanook's Home","2023-Current","6009833","","","",=HYPERLINK("https://thevillagechronicler.com/ItemImages/6009834.jpg"),"",                                                                                                                                                                                                                                                                                                                                                                                                                                                                                                                                                                                                                                                                                                                                                                                                                                                                                  
" ",Accy.,"6013430","Item","Time To Decorate","2024-Current","6013429","","","",=HYPERLINK("https://thevillagechronicler.com/ItemImages/6013430.jpg"),"",                                                                                                                                                                                                                                                                                                                                                                                                                                                                                                                                                                                                                                                                                                                                                                                                                                                                               
" ",Accy.,"6014685","Item","Belle's Bell Choir","2025-Current","6014684","","","",=HYPERLINK("https://thevillagechronicler.com/ItemImages/6014685.jpg"),"",                                                                                                                                                                                                                                                                                                                                                                                                                                                                                                                                                                                                                                                                                                                                                                                                                                                                             
